loc_id,loc_nm,date_reg,cust_N,visit_N,is_female,channel_zm,amount_usd,ca_nm,iso3,country,reg_nm,dist_id,dist_nm,X,Y
248,Bakuya,1970-01-01T05:04:02Z,,,,,282.317295,,GH(N),Ghana,GH-NP,2,Bunkpurugu Yonyo,-0.077195,10.519321
304,Konmmong gberuk,1970-01-01T04:54:42Z,,,,,143.896842,,GH(N),Ghana,GH-NP,2,Bunkpurugu Yonyo,-0.05948,10.59257
1642,Kunfuri,1970-01-01T04:54:07Z,,,,,281.37309,,GH(N),Ghana,GH-NP,2,Bunkpurugu Yonyo,-0.08675,10.47846
1951,Kunkook,1970-01-01T04:53:36Z,,,,,53.630844,,GH(N),Ghana,GH-NP,2,Bunkpurugu Yonyo,-0.06896,10.6271
226,Kunkwadaan,1970-01-01T04:57:48Z,,,,,344.445984,,GH(N),Ghana,GH-NP,2,Bunkpurugu Yonyo,-0.04947,10.62955
2637,Abualirima,1970-01-01T04:56:14Z,,,,,188.085636,,GH(N),Ghana,GH-NP,3,Central Gonja,-1.041493,9.109848
2094,Aduyili,1970-01-01T05:01:49Z,,,,,20.205987,,GH(N),Ghana,GH-NP,3,Central Gonja,-1.021644,9.31271
351,Bag-Kura,1970-01-01T04:54:20Z,,,,,6.231753,,GH(N),Ghana,GH-NP,3,Central Gonja,-1.11568,9.085763
545,Janikura,1970-01-01T04:57:38Z,,,,,18.506418,,GH(N),Ghana,GH-NP,3,Central Gonja,-1.29556,9.130352
2467,Jukuku,1970-01-01T05:04:09Z,,,,,254.557668,,GH(N),Ghana,GH-NP,3,Central Gonja,-1.020787,9.140628
143,Kpatinyeng,1970-01-01T04:56:14Z,,,,,74.214513,,GH(N),Ghana,GH-NP,3,Central Gonja,-0.962188,9.193607
538,Kulbongduli,1970-01-01T04:58:07Z,,,,,76.858287,,GH(N),Ghana,GH-NP,3,Central Gonja,-1.20532,9.073302
3914,Kurubang yili,1970-01-01T04:54:03Z,,,,,10.763937,,GH(N),Ghana,GH-NP,3,Central Gonja,-0.948812,9.286062
4002,Lesseinipe,1970-01-01T04:54:47Z,,,,,74.592195,,GH(N),Ghana,GH-NP,3,Central Gonja,-1.24403,9.1641
415,Malgu-Naa Kura,1970-01-01T04:57:28Z,,,,,4.154502,,GH(N),Ghana,GH-NP,3,Central Gonja,-1.309073,9.132023
2820,Ntereso,1970-01-01T04:59:09Z,,,,,43.811112,,GH(N),Ghana,GH-NP,3,Central Gonja,-1.205985,9.129283
1140,Nyangwuripe,1970-01-01T04:55:26Z,,,,,146.351775,,GH(N),Ghana,GH-NP,3,Central Gonja,-0.845782,9.31558
1821,Sankunyili,1970-01-01T04:54:10Z,,,,,9.064368,,GH(N),Ghana,GH-NP,3,Central Gonja,-1.060275,9.237445
1544,Wupekura,1970-01-01T04:59:12Z,,,,,21.150192,,GH(N),Ghana,GH-NP,3,Central Gonja,-0.986303,9.103807
101,Yapei Yipala,1970-01-01T05:02:18Z,,,,,152.394687,,GH(N),Ghana,GH-NP,3,Central Gonja,-1.195878,9.12891
1633,Zong-Kura,1970-01-01T04:59:09Z,,,,,38.712405,,GH(N),Ghana,GH-NP,3,Central Gonja,-1.204445,9.041388
3487,Kwame Nasoni,1970-01-01T04:55:57Z,,,,,22.66092,,GH(N),Ghana,GH-NP,4,Chereponi,-0.17133,10.253375
3549,Mabanbori,1970-01-01T04:55:10Z,,,,,14.351916,,GH(N),Ghana,GH-NP,4,Chereponi,-0.22229,10.02908
3515,Tambo,1970-01-01T04:55:10Z,,,,,33.99138,,GH(N),Ghana,GH-NP,4,Chereponi,-0.173587,10.23473
3524,Upper Nansona,1970-01-01T04:55:09Z,,,,,25.115853,,GH(N),Ghana,GH-NP,4,Chereponi,0.21562,10.18901
914,Chani,1970-01-01T04:58:20Z,,,,,47.399091,,GH(N),Ghana,GH-NP,5,East Gonja,-0.607593,9.335881
4308,Dabogshei,1970-01-01T04:57:56Z,,,,,85.733814,,GH(N),Ghana,GH-NP,5,East Gonja,-0.871342,9.268018
2382,Dabogshei1,1970-01-01T04:46:49Z,,,,,20.77251,,GH(N),Ghana,GH-NP,5,East Gonja,-0.9,9.3
1589,Dakolyili,1970-01-01T04:56:14Z,,,,,97.630797,,GH(N),Ghana,GH-NP,5,East Gonja,-1.07777,9.34041
173,Dakpemyili,1970-01-01T05:00:10Z,,,,,240.205752,,GH(N),Ghana,GH-NP,5,East Gonja,-0.87927,9.30177
1601,Nyamalga Yepala,1970-01-01T04:58:51Z,,,,,32.669493,,GH(N),Ghana,GH-NP,5,East Gonja,-0.66405,9.28764
3147,Nyamaliga,1970-01-01T04:55:02Z,,,,,6.231753,,GH(N),Ghana,GH-NP,5,East Gonja,-0.652757,9.410356
528,Takpili,1970-01-01T04:58:45Z,,,,,115.948374,,GH(N),Ghana,GH-NP,5,East Gonja,-0.578411,9.300931
1619,Tantuani,1970-01-01T04:56:14Z,,,,,107.828211,,GH(N),Ghana,GH-NP,5,East Gonja,-0.67582,9.23366
3343,Test Community GH,1970-01-01T05:00:50Z,,,,,1.321887,,GH(N),Ghana,GH-NP,5,East Gonja,0,0
3007,Banjam,1970-01-01T04:54:48Z,,,,,2.454933,,GH(N),Ghana,GH-NP,6,East Mamprusi,-0.250165,10.443715
3083,Da'azio,1970-01-01T04:54:24Z,,,,,1.321887,,GH(N),Ghana,GH-NP,6,East Mamprusi,-0.52706,10.43143
4602,Gimbale,1970-01-01T04:54:29Z,,,,,98.008479,,GH(N),Ghana,GH-NP,6,East Mamprusi,-0.1324,10.1941
1124,Jawani,1970-01-01T04:57:28Z,,,,,5.287548,,GH(N),Ghana,GH-NP,6,East Mamprusi,-0.52913,10.43216
1871,Kasape Talensi,1970-01-01T04:55:11Z,,,,,16.051485,,GH(N),Ghana,GH-NP,6,East Mamprusi,-0.555789,10.419026
3045,Nagmangu,1970-01-01T04:54:51Z,,,,,14.918439,,GH(N),Ghana,GH-NP,6,East Mamprusi,-0.511933,10.403914
61,Namasi,1970-01-01T04:55:00Z,,,,,20.583669,,GH(N),Ghana,GH-NP,6,East Mamprusi,-0.322623,10.561837
1088,Nameboku,1970-01-01T04:52:55Z,,,,,0.566523,,GH(N),Ghana,GH-NP,6,East Mamprusi,-0.82521,10.555205
3331,Sumnibomah No2,1970-01-01T04:54:54Z,,,,,8.120163,,GH(N),Ghana,GH-NP,6,East Mamprusi,-0.27527,10.39687
1086,Tinsungu,1970-01-01T04:54:24Z,,,,,10.575096,,GH(N),Ghana,GH-NP,6,East Mamprusi,-0.43432,10.47648
3070,Wangagu,1970-01-01T04:54:24Z,,,,,22.283238,,GH(N),Ghana,GH-NP,6,East Mamprusi,-0.20932,10.354653
3174,Yaroyili,1970-01-01T04:55:05Z,,,,,5.66523,,GH(N),Ghana,GH-NP,6,East Mamprusi,-0.59178,10.39756
2000,Yunyoranyiri,1970-01-01T04:54:21Z,,,,,2.454933,,GH(N),Ghana,GH-NP,6,East Mamprusi,-0.32313,10.53328
1101,Zandua,1970-01-01T04:54:24Z,,,,,20.961351,,GH(N),Ghana,GH-NP,6,East Mamprusi,-0.501408,10.476569
2342,Zarantinga,1970-01-01T04:54:29Z,,,,,43.43343,,GH(N),Ghana,GH-NP,6,East Mamprusi,-0.344087,10.556413
1131,Belising,1970-01-01T04:54:31Z,,,,,18.317577,,GH(N),Ghana,GH-NP,7,Gushegu,-0.17452,9.8045
1935,Dayugudigli,1970-01-01T04:54:31Z,,,,,8.309004,,GH(N),Ghana,GH-NP,7,Gushegu,-0.17653,9.78032
820,Digbila,1970-01-01T04:54:08Z,,,,,6.231753,,GH(N),Ghana,GH-NP,7,Gushegu,-0.532513,9.637375
839,Gaa,1970-01-01T04:54:05Z,,,,,56.274618,,GH(N),Ghana,GH-NP,7,Gushegu,-0.445705,9.8074
2903,Kanimo,1970-01-01T04:54:45Z,,,,,47.965614,,GH(N),Ghana,GH-NP,7,Gushegu,-0.152107,9.442023
2354,Kpanashei,1970-01-01T05:00:45Z,,,,,48.532137,,GH(N),Ghana,GH-NP,7,Gushegu,-0.439018,9.542425
1776,Limo,1970-01-01T05:01:28Z,,,,,105.562119,,GH(N),Ghana,GH-NP,7,Gushegu,-0.59573,9.61194
86,Nakunga,1970-01-01T04:54:30Z,,,,,5.66523,,GH(N),Ghana,GH-NP,7,Gushegu,-0.28986,9.74498
2317,Nayugu,1970-01-01T04:54:30Z,,,,,0.944205,,GH(N),Ghana,GH-NP,7,Gushegu,-0.277937,9.820608
3882,Sakpali,1970-01-01T04:55:53Z,,,,,13.21887,,GH(N),Ghana,GH-NP,7,Gushegu,-0.147722,10.043568
859,Samang,1970-01-01T05:00:54Z,,,,,189.218682,,GH(N),Ghana,GH-NP,7,Gushegu,-0.393208,9.806972
1861,Sukaya,1970-01-01T04:54:29Z,,,,,4.721025,,GH(N),Ghana,GH-NP,7,Gushegu,-0.19686,9.72042
3211,Tunaayili-Gushegu,1970-01-01T04:54:28Z,,,,,4.721025,,GH(N),Ghana,GH-NP,7,Gushegu,-0.11082,9.75376
3918,Vinli,1970-01-01T04:57:31Z,,,,,4.343343,,GH(N),Ghana,GH-NP,7,Gushegu,-0.29198,9.83912
1191,Zori,1970-01-01T04:57:27Z,,,,,77.613651,,GH(N),Ghana,GH-NP,7,Gushegu,-0.312997,9.784555
861,Zulogu,1970-01-01T04:54:21Z,,,,,20.583669,,GH(N),Ghana,GH-NP,7,Gushegu,-0.417785,9.558388
133,Binduli,1970-01-01T04:55:59Z,,,,,20.961351,,GH(N),Ghana,GH-NP,8,Karaga,-0.434157,9.88524
2190,Fatilanyili,1970-01-01T04:55:59Z,,,,,19.072941,,GH(N),Ghana,GH-NP,8,Karaga,-0.437357,9.853042
2972,Gbatugu,1970-01-01T04:54:21Z,,,,,4.532184,,GH(N),Ghana,GH-NP,8,Karaga,-0.5091,9.93151
476,Karaga,1970-01-01T05:00:15Z,,,,,147.673662,,GH(N),Ghana,GH-NP,8,Karaga,-0.43439,9.926333
1923,Kpataribogu,1970-01-01T04:58:18Z,,,,,115.759533,,GH(N),Ghana,GH-NP,8,Karaga,-0.69149,9.972078
1805,Monkula,1970-01-01T04:55:59Z,,,,,4.721025,,GH(N),Ghana,GH-NP,8,Karaga,-0.468375,9.87049
2015,Nakundugu #1,1970-01-01T04:55:49Z,,,,,15.10728,,GH(N),Ghana,GH-NP,8,Karaga,-0.272707,10.112693
96,Nyong Nayili,1970-01-01T04:54:22Z,,,,,2.454933,,GH(N),Ghana,GH-NP,8,Karaga,-0.622127,9.882515
25,Nyong-Sampayili,1970-01-01T04:58:18Z,,,,,78.180174,,GH(N),Ghana,GH-NP,8,Karaga,-0.630862,9.858199
418,Tong,1970-01-01T04:57:35Z,,,,,2.266092,,GH(N),Ghana,GH-NP,8,Karaga,-0.480664,9.940359
189,Tuyini,1970-01-01T04:54:26Z,,,,,73.64799,,GH(N),Ghana,GH-NP,8,Karaga,-0.585795,9.944755
2363,Yemo-karaga,1970-01-01T04:55:11Z,,,,,33.236016,,GH(N),Ghana,GH-NP,8,Karaga,-0.510957,9.668108
1003,Zankali,1970-01-01T04:46:22Z,,,,,9.44205,,GH(N),Ghana,GH-NP,8,Karaga,-0.7138,9.961793
801,Zinyeli,1970-01-01T04:56:14Z,,,,,105.562119,,GH(N),Ghana,GH-NP,8,Karaga,-0.44535,9.88323
3309,Jaman Nkwata,1970-01-01T04:55:23Z,,,,,20.961351,,GH(N),Ghana,GH-NP,9,Kpandai,-0.047177,8.377192
2996,Kabonwule,1970-01-01T04:54:52Z,,,,,21.716715,,GH(N),Ghana,GH-NP,9,Kpandai,-0.039386,8.343255
4656,Kujar,1970-01-01T04:54:21Z,,,,,11.519301,,GH(N),Ghana,GH-NP,9,Kpandai,-0.075248,8.490723
3491,Loloto Asainkasa,1970-01-01T04:55:08Z,,,,,7.175958,,GH(N),Ghana,GH-NP,9,Kpandai,-0.3841,8.36071
1292,Malando,1970-01-01T04:54:20Z,,,,,19.639464,,GH(N),Ghana,GH-NP,9,Kpandai,-0.000423,8.651908
3247,Nbowura Kawido,1970-01-01T04:55:39Z,,,,,20.77251,,GH(N),Ghana,GH-NP,9,Kpandai,-0.01616,8.43748
3229,Nbowura Sagmantido,1970-01-01T04:54:41Z,,,,,1.133046,,GH(N),Ghana,GH-NP,9,Kpandai,-0.01785,8.43345
3450,Okyerepe,1970-01-01T04:55:36Z,,,,,8.686686,,GH(N),Ghana,GH-NP,9,Kpandai,-0.32174,8.36275
4010,Bagong,1970-01-01T04:55:07Z,,,,,15.10728,,GH(N),Ghana,GH-NP,10,Kumbungu,-1.03285,9.45789
2913,Bihinaayili,1970-01-01T04:55:45Z,,,,,6.798276,,GH(N),Ghana,GH-NP,10,Kumbungu,-1.043992,9.494787
155,Bogupalgu,1970-01-01T04:56:05Z,,,,,0.944205,,GH(N),Ghana,GH-NP,10,Kumbungu,-0.891853,9.531155
1114,Digu,1970-01-01T04:54:42Z,,,,,6.042912,,GH(N),Ghana,GH-NP,10,Kumbungu,-0.959478,9.649752
553,Garizegu,1970-01-01T04:55:00Z,,,,,14.163075,,GH(N),Ghana,GH-NP,10,Kumbungu,-1.0131,9.44614
634,Gbulung,1970-01-01T04:53:58Z,,,,,49.09866,,GH(N),Ghana,GH-NP,10,Kumbungu,-1.01307,9.48291
3795,Gizaa,1970-01-01T04:55:59Z,,,,,43.43343,,GH(N),Ghana,GH-NP,10,Kumbungu,-1.0459,9.4656
1623,Jakpahi kukuo,1970-01-01T04:56:14Z,,,,,143.51916,,GH(N),Ghana,GH-NP,10,Kumbungu,-1.03794,9.45673
2174,Kpachi,1970-01-01T04:54:36Z,,,,,28.32615,,GH(N),Ghana,GH-NP,10,Kumbungu,-1.115723,9.378758
1701,Kpalga,1970-01-01T04:53:53Z,,,,,30.025719,,GH(N),Ghana,GH-NP,10,Kumbungu,-0.952732,9.449549
590,Kpegu,1970-01-01T04:53:30Z,,,,,32.291811,,GH(N),Ghana,GH-NP,10,Kumbungu,-0.99197,9.54342
2966,Kpulnynig,1970-01-01T04:56:05Z,,,,,11.896983,,GH(N),Ghana,GH-NP,10,Kumbungu,-0.87407,9.52499
2167,Kumbung-Limo,1970-01-01T04:57:56Z,,,,,35.313267,,GH(N),Ghana,GH-NP,10,Kumbungu,-0.93631,9.46172
3014,Kumbungu-Gbulung Road Area,1970-01-01T04:54:19Z,,,,,10.575096,,GH(N),Ghana,GH-NP,10,Kumbungu,-0.95694,9.55675
296,Kunkulung,1970-01-01T04:56:14Z,,,,,70.626534,,GH(N),Ghana,GH-NP,10,Kumbungu,-1.03131,9.476158
370,Nakpatuwa,1970-01-01T04:54:19Z,,,,,34.180221,,GH(N),Ghana,GH-NP,10,Kumbungu,-0.977815,9.518768
98,Sakuba,1970-01-01T04:54:08Z,,,,,1.133046,,GH(N),Ghana,GH-NP,10,Kumbungu,-0.99728,9.595492
1921,Silimboma,1970-01-01T04:56:04Z,,,,,3.77682,,GH(N),Ghana,GH-NP,10,Kumbungu,-0.86364,9.54764
569,Zugu,1970-01-01T04:55:48Z,,,,,67.4162369999999,,GH(N),Ghana,GH-NP,10,Kumbungu,-0.937625,9.57754
501,Zugu-Kushibo,1970-01-01T04:58:04Z,,,,,90.454839,,GH(N),Ghana,GH-NP,10,Kumbungu,-0.959478,9.649841
4144,Kakaayiri kantos-fong,1970-01-01T04:54:07Z,,,,,11.33046,,GH(N),Ghana,GH-NP,11,Mamprugo Moaduri,-1.281227,10.065898
2762,Kakaayiri nayiri-fong,1970-01-01T04:54:07Z,,,,,16.806849,,GH(N),Ghana,GH-NP,11,Mamprugo Moaduri,-1.281658,10.064613
1538,Wuyima,1970-01-01T04:57:37Z,,,,,36.446313,,GH(N),Ghana,GH-NP,11,Mamprugo Moaduri,-1.039225,10.225373
1032,Yag-namoo,1970-01-01T04:56:31Z,,,,,98.575002,,GH(N),Ghana,GH-NP,11,Mamprugo Moaduri,-1.19923,10.130484
3641,Chegu,1970-01-01T04:55:15Z,,,,,7.742481,,GH(N),Ghana,GH-NP,12,Mion,-0.44616,9.36865
1127,Darusalam,1970-01-01T04:55:46Z,,,,,114.248805,,GH(N),Ghana,GH-NP,12,Mion,-0.169127,9.500617
1985,Gundogulanyili,1970-01-01T04:55:52Z,,,,,25.115853,,GH(N),Ghana,GH-NP,12,Mion,-0.213187,9.690003
3245,Kpablaa,1970-01-01T04:54:42Z,,,,,3.587979,,GH(N),Ghana,GH-NP,12,Mion,-0.50374,9.35199
3144,Kpanashei,1970-01-01T04:55:46Z,,,,,47.587932,,GH(N),Ghana,GH-NP,12,Mion,-0.439018,9.542425
1167,Kulguduli,1970-01-01T04:54:38Z,,,,,6.609435,,GH(N),Ghana,GH-NP,12,Mion,-0.148928,9.466435
2822,Nanduli,1970-01-01T04:54:40Z,,,,,14.729598,,GH(N),Ghana,GH-NP,12,Mion,-0.229708,9.746389
2175,Warivi,1970-01-01T04:55:46Z,,,,,5.098707,,GH(N),Ghana,GH-NP,12,Mion,-0.180945,9.515532
621,Jakpumba 2,1970-01-01T04:54:39Z,,,,,12.652347,,GH(N),Ghana,GH-NP,13,Nanumba North,-0.052358,9.106147
752,Kateijeli,1970-01-01T04:54:20Z,,,,,52.497798,,GH(N),Ghana,GH-NP,13,Nanumba North,-0.165053,8.953783
638,Koraya,1970-01-01T04:55:29Z,,,,,39.467769,,GH(N),Ghana,GH-NP,13,Nanumba North,-0.03569,9.108127
377,Lanja,1970-01-01T05:02:14Z,,,,,31.158765,,GH(N),Ghana,GH-NP,13,Nanumba North,0.01919,9.177413
2287,Lepusi,1970-01-01T04:54:22Z,,,,,14.351916,,GH(N),Ghana,GH-NP,13,Nanumba North,-0.012167,9.05553
1184,Chifilni,1970-01-01T04:59:20Z,,,,,33.047175,,GH(N),Ghana,GH-NP,14,Nanumba South,-0.003981,8.569183
273,Lungni A,1970-01-01T04:55:10Z,,,,,12.274665,,GH(N),Ghana,GH-NP,14,Nanumba South,-0.008008,8.550043
2968,Nanung-Baduli,1970-01-01T04:55:17Z,,,,,2.454933,,GH(N),Ghana,GH-NP,14,Nanumba South,0.027552,8.743197
28,Ponaayili,1970-01-01T04:54:11Z,,,,,5.66523,,GH(N),Ghana,GH-NP,14,Nanumba South,0.094462,8.606625
855,Tampoaye,1970-01-01T04:54:32Z,,,,,67.038555,,GH(N),Ghana,GH-NP,14,Nanumba South,-0.000929,8.642912
571,Tanam,1970-01-01T04:53:51Z,,,,,9.630891,,GH(N),Ghana,GH-NP,14,Nanumba South,0.260282,8.754318
4756,Yadoya,1970-01-01T04:54:23Z,,,,,3.965661,,GH(N),Ghana,GH-NP,14,Nanumba South,-0.025418,8.68745
874,Kupoto,1970-01-01T04:55:01Z,,,,,3.399138,,GH(N),Ghana,GH-NP,15,North Gonja,-1.482312,9.45541
1324,Jilima-Saboba,1970-01-01T04:55:25Z,,,,,1.88841,,GH(N),Ghana,GH-NP,16,Saboba,0.099638,9.699561
2442,Kuntuli-Nanwalbu,1970-01-01T04:54:21Z,,,,,6.798276,,GH(N),Ghana,GH-NP,16,Saboba,0.234527,9.579652
1673,Nakpari No1,1970-01-01T05:02:14Z,,,,,33.424857,,GH(N),Ghana,GH-NP,16,Saboba,0.11941,9.721
3600,Nambiri,1970-01-01T04:55:14Z,,,,,13.785393,,GH(N),Ghana,GH-NP,16,Saboba,0.324277,9.845453
1535,Npehasam,1970-01-01T04:55:25Z,,,,,31.158765,,GH(N),Ghana,GH-NP,16,Saboba,0.051018,9.666852
3048,Batanyili,1970-01-01T04:56:00Z,,,,,95.7423869999999,,GH(N),Ghana,GH-NP,17,Sagnarigu,-0.860643,9.5061
3001,Boakurugu,1970-01-01T04:54:42Z,,,,,16.99569,,GH(N),Ghana,GH-NP,17,Sagnarigu,-0.881468,9.521338
3452,Kpinjinga,1970-01-01T04:57:28Z,,,,,11.141619,,GH(N),Ghana,GH-NP,17,Sagnarigu,-0.949295,9.42583
3381,Malshegu,1970-01-01T04:54:55Z,,,,,10.386255,,GH(N),Ghana,GH-NP,17,Sagnarigu,-0.88338,9.48243
3423,Namandu,1970-01-01T04:55:02Z,,,,,20.017146,,GH(N),Ghana,GH-NP,17,Sagnarigu,-0.923,9.417547
3386,Nangbagu- yakura,1970-01-01T04:55:01Z,,,,,8.497845,,GH(N),Ghana,GH-NP,17,Sagnarigu,-0.931312,9.417475
249,Napresi,1970-01-01T04:54:50Z,,,,,68.738124,,GH(N),Ghana,GH-NP,17,Sagnarigu,-0.81393,9.517962
1373,Nyeshe,1970-01-01T04:56:14Z,,,,,175.055607,,GH(N),Ghana,GH-NP,17,Sagnarigu,-0.83974,9.5193
1836,Sanga,1970-01-01T04:54:42Z,,,,,92.720931,,GH(N),Ghana,GH-NP,17,Sagnarigu,-0.949635,9.43595
3382,Sorugu,1970-01-01T04:55:11Z,,,,,26.43774,,GH(N),Ghana,GH-NP,17,Sagnarigu,-0.88756,9.505898
4000,Bihinayili-savelugu,1970-01-01T04:56:01Z,,,,,0.944205,,GH(N),Ghana,GH-NP,18,Savelugu-Nanton,-0.86364,9.60222
1957,Boggu,1970-01-01T04:55:30Z,,,,,28.137309,,GH(N),Ghana,GH-NP,18,Savelugu-Nanton,-0.89965,9.6616
934,Chahi yepalsi,1970-01-01T04:54:32Z,,,,,10.386255,,GH(N),Ghana,GH-NP,18,Savelugu-Nanton,-0.77994,9.74025
3249,Chalam,1970-01-01T04:55:10Z,,,,,54.76389,,GH(N),Ghana,GH-NP,18,Savelugu-Nanton,-0.78287,9.63597
3829,Dingoni,1970-01-01T04:55:39Z,,,,,126.901152,,GH(N),Ghana,GH-NP,18,Savelugu-Nanton,-0.75621,9.52637
3050,Fazihini,1970-01-01T04:56:06Z,,,,,38.334723,,GH(N),Ghana,GH-NP,18,Savelugu-Nanton,-0.78402,9.50667
3311,Gbumgbum,1970-01-01T04:56:03Z,,,,,54.76389,,GH(N),Ghana,GH-NP,18,Savelugu-Nanton,-0.75838,9.59165
3122,Guno,1970-01-01T04:55:52Z,,,,,35.87979,,GH(N),Ghana,GH-NP,18,Savelugu-Nanton,-0.73892,9.59658
4622,Guntingli,1970-01-01T04:56:03Z,,,,,103.484868,,GH(N),Ghana,GH-NP,18,Savelugu-Nanton,-0.69959,9.50057
376,Kanshegu,1970-01-01T04:54:18Z,,,,,24.171648,,GH(N),Ghana,GH-NP,18,Savelugu-Nanton,-0.83239,9.579421
3173,Kpachilo,1970-01-01T04:56:08Z,,,,,207.536259,,GH(N),Ghana,GH-NP,18,Savelugu-Nanton,-0.77443,9.55834
93,Kpano,1970-01-01T04:55:18Z,,,,,59.107233,,GH(N),Ghana,GH-NP,18,Savelugu-Nanton,-0.745535,9.568079
3424,Kukpalgu,1970-01-01T04:55:53Z,,,,,2.832615,,GH(N),Ghana,GH-NP,18,Savelugu-Nanton,-0.31279,9.17699
1219,Kunkundan yili,1970-01-01T04:55:49Z,,,,,0.944205,,GH(N),Ghana,GH-NP,18,Savelugu-Nanton,-0.61036,9.52298
3097,Langa,1970-01-01T04:55:53Z,,,,,11.708142,,GH(N),Ghana,GH-NP,18,Savelugu-Nanton,-0.88656,9.57025
3332,Looni,1970-01-01T04:56:07Z,,,,,11.896983,,GH(N),Ghana,GH-NP,18,Savelugu-Nanton,-0.71139,9.57202
4695,Moglaa,1970-01-01T04:55:30Z,,,,,78.746697,,GH(N),Ghana,GH-NP,18,Savelugu-Nanton,-0.87526,9.59314
514,Nabogu,1970-01-01T04:42:20Z,,,,,25.493535,,GH(N),Ghana,GH-NP,18,Savelugu-Nanton,-0.823512,9.742135
3132,Nanton-Yepalsi,1970-01-01T04:55:53Z,,,,,165.802398,,GH(N),Ghana,GH-NP,18,Savelugu-Nanton,-0.72591,9.59427
3516,Nyamandu,1970-01-01T04:55:59Z,,,,,109.338939,,GH(N),Ghana,GH-NP,18,Savelugu-Nanton,-0.72121,9.50423
439,Nyeko,1970-01-01T05:02:11Z,,,,,26.248899,,GH(N),Ghana,GH-NP,18,Savelugu-Nanton,-1.069828,9.431173
578,Nyerigi Yilli,1970-01-01T04:56:24Z,,,,,77.991333,,GH(N),Ghana,GH-NP,18,Savelugu-Nanton,-0.75119,9.6269
3459,Nyoglo,1970-01-01T04:56:01Z,,,,,21.716715,,GH(N),Ghana,GH-NP,18,Savelugu-Nanton,-0.8457,9.58317
1350,Saakpuli,1970-01-01T05:01:13Z,,,,,120.669399,,GH(N),Ghana,GH-NP,18,Savelugu-Nanton,-0.767652,10.025272
3252,Sahanayili,1970-01-01T04:55:16Z,,,,,16.429167,,GH(N),Ghana,GH-NP,18,Savelugu-Nanton,-0.80793,9.51028
1830,Sahani,1970-01-01T04:56:07Z,,,,,29.836878,,GH(N),Ghana,GH-NP,18,Savelugu-Nanton,-0.633428,9.553701
3179,Savelugu Palbila area,1970-01-01T04:55:51Z,,,,,18.317577,,GH(N),Ghana,GH-NP,18,Savelugu-Nanton,-0.83163,9.61218
3370,Savelugu-kpendua,1970-01-01T04:54:55Z,,,,,12.274665,,GH(N),Ghana,GH-NP,18,Savelugu-Nanton,-0.83087,9.61693
1356,Tampion,1970-01-01T05:02:17Z,,,,,106.317483,,GH(N),Ghana,GH-NP,18,Savelugu-Nanton,-0.675915,9.57085
3210,Tapiong Chahiyili,1970-01-01T04:55:49Z,,,,,30.403401,,GH(N),Ghana,GH-NP,18,Savelugu-Nanton,-0.62644,9.60007
3568,Tibogunaayili,1970-01-01T04:55:50Z,,,,,0.944205,,GH(N),Ghana,GH-NP,18,Savelugu-Nanton,-0.61036,9.53437
768,Tindang,1970-01-01T04:57:27Z,,,,,9.44205,,GH(N),Ghana,GH-NP,18,Savelugu-Nanton,-0.91637,9.66771
3339,Tingkurugu,1970-01-01T04:56:03Z,,,,,10.386255,,GH(N),Ghana,GH-NP,18,Savelugu-Nanton,-0.69814,9.56879
3217,Tumahi,1970-01-01T04:56:08Z,,,,,38.334723,,GH(N),Ghana,GH-NP,18,Savelugu-Nanton,-0.79801,9.56723
3358,Zaazi,1970-01-01T04:56:01Z,,,,,17.562213,,GH(N),Ghana,GH-NP,18,Savelugu-Nanton,-0.86083,9.5884
398,Zieng,1970-01-01T04:56:06Z,,,,,44.188794,,GH(N),Ghana,GH-NP,18,Savelugu-Nanton,-0.743972,9.523743
1166,Zoggu,1970-01-01T04:55:15Z,,,,,43.055748,,GH(N),Ghana,GH-NP,18,Savelugu-Nanton,-0.71747,9.66854
2308,Zoonaayili,1970-01-01T04:55:25Z,,,,,66.660873,,GH(N),Ghana,GH-NP,18,Savelugu-Nanton,-0.62644,9.60007
1598,Baasineteen,1970-01-01T04:54:19Z,,,,,2.832615,,GH(N),Ghana,GH-NP,19,Sawla-Tuna-Kalba,-2.37719,9.67285
2484,Baboarayiri,1970-01-01T05:01:42Z,,,,,117.836784,,GH(N),Ghana,GH-NP,19,Sawla-Tuna-Kalba,-2.54358,9.47874
4,Bobalanyuro,1970-01-01T05:01:06Z,,,,,135.96552,,GH(N),Ghana,GH-NP,19,Sawla-Tuna-Kalba,-2.386182,9.609643
1875,Chewele,1970-01-01T04:55:25Z,,,,,56.085777,,GH(N),Ghana,GH-NP,19,Sawla-Tuna-Kalba,-2.65088,9.54206
1754,Damikura,1970-01-01T04:55:30Z,,,,,60.051438,,GH(N),Ghana,GH-NP,19,Sawla-Tuna-Kalba,-2.560785,9.312724
2096,Dani-uri,1970-01-01T04:54:14Z,,,,,13.596552,,GH(N),Ghana,GH-NP,19,Sawla-Tuna-Kalba,-2.43723,9.44301
4122,Dormangbore,1970-01-01T04:54:54Z,,,,,2.454933,,GH(N),Ghana,GH-NP,19,Sawla-Tuna-Kalba,-2.33489,9.667019
1274,Gando,1970-01-01T04:58:40Z,,,,,45.699522,,GH(N),Ghana,GH-NP,19,Sawla-Tuna-Kalba,-2.429883,9.58492
2352,Gbonkoyiri,1970-01-01T04:55:30Z,,,,,27.759627,,GH(N),Ghana,GH-NP,19,Sawla-Tuna-Kalba,-2.520138,9.64456
2405,Goyiri,1970-01-01T04:55:03Z,,,,,2.077251,,GH(N),Ghana,GH-NP,19,Sawla-Tuna-Kalba,-2.432812,9.733243
1719,Goyiri #2,1970-01-01T04:55:03Z,,,,,44.944158,,GH(N),Ghana,GH-NP,19,Sawla-Tuna-Kalba,-2.432812,9.733243
3881,Gurunyiri,1970-01-01T04:58:54Z,,,,,23.605125,,GH(N),Ghana,GH-NP,19,Sawla-Tuna-Kalba,-2.475002,9.289181
4552,Jimprayiri,1970-01-01T04:55:10Z,,,,,7.364799,,GH(N),Ghana,GH-NP,19,Sawla-Tuna-Kalba,-2.75365,9.59789
87,Jinkaa Top,1970-01-01T04:53:58Z,,,,,28.703832,,GH(N),Ghana,GH-NP,19,Sawla-Tuna-Kalba,-2.339102,9.469283
1301,Kong,1970-01-01T04:57:27Z,,,,,40.411974,,GH(N),Ghana,GH-NP,19,Sawla-Tuna-Kalba,-2.290535,9.51212
2886,Lorigbee,1970-01-01T04:55:01Z,,,,,57.974187,,GH(N),Ghana,GH-NP,19,Sawla-Tuna-Kalba,-2.526942,9.462071
1778,Nahari,1970-01-01T04:55:02Z,,,,,14.729598,,GH(N),Ghana,GH-NP,19,Sawla-Tuna-Kalba,-2.424931,9.492815
3535,Otaayiri,1970-01-01T04:54:52Z,,,,,5.098707,,GH(N),Ghana,GH-NP,19,Sawla-Tuna-Kalba,-2.4078,9.50626
1986,Sanuoyiri,1970-01-01T04:55:06Z,,,,,2.454933,,GH(N),Ghana,GH-NP,19,Sawla-Tuna-Kalba,-2.58639,9.329488
1077,Sitiepuo,1970-01-01T04:53:59Z,,,,,75.725241,,GH(N),Ghana,GH-NP,19,Sawla-Tuna-Kalba,-2.410055,9.53104
357,Vondiel,1970-01-01T04:55:15Z,,,,,71.948421,,GH(N),Ghana,GH-NP,19,Sawla-Tuna-Kalba,-2.446674,9.601577
552,Fooshegu,1970-01-01T05:02:18Z,,,,,385.424481,,GH(N),Ghana,GH-NP,20,Tamale Metropolitan,-0.90269,9.32153
2391,Kugni,1970-01-01T05:02:09Z,,,,,0.377682,,GH(N),Ghana,GH-NP,20,Tamale Metropolitan,-0.839022,9.53607
326,Pagzaa,1970-01-01T05:00:30Z,,,,,352.943829,,GH(N),Ghana,GH-NP,20,Tamale Metropolitan,-0.708506,9.376048
1417,Apeleyili,1970-01-01T04:54:26Z,,,,,3.021456,,GH(N),Ghana,GH-NP,22,Tolon,-1.15078,9.46744
1465,Dimabi yepala,1970-01-01T05:02:11Z,,,,,25.304694,,GH(N),Ghana,GH-NP,22,Tolon,-1.08428,9.41025
863,Dimabi-No_2,1970-01-01T04:46:04Z,,,,,6.042912,,GH(N),Ghana,GH-NP,22,Tolon,-1.08767,9.531824
583,Gawawu,1970-01-01T04:54:27Z,,,,,10.952778,,GH(N),Ghana,GH-NP,22,Tolon,-1.074808,9.47049
1447,Gbulehagu,1970-01-01T05:00:30Z,,,,,128.034198,,GH(N),Ghana,GH-NP,22,Tolon,-0.960725,9.352945
2243,Golinga,1970-01-01T04:55:56Z,,,,,30.781083,,GH(N),Ghana,GH-NP,22,Tolon,-0.94493,9.356091
2865,Kuglogu,1970-01-01T04:55:16Z,,,,,22.094397,,GH(N),Ghana,GH-NP,22,Tolon,-1.10009,9.45402
1785,Nangbagu,1970-01-01T04:55:23Z,,,,,60.240279,,GH(N),Ghana,GH-NP,22,Tolon,-1.046737,9.400923
2942,Nyankpala Kukuonayili,1970-01-01T04:54:18Z,,,,,2.643774,,GH(N),Ghana,GH-NP,22,Tolon,-0.96908,9.38357
4696,Vawagri,1970-01-01T05:02:11Z,,,,,20.77251,,GH(N),Ghana,GH-NP,22,Tolon,-1.079293,9.440965
947,Wala,1970-01-01T04:54:08Z,,,,,45.132999,,GH(N),Ghana,GH-NP,22,Tolon,-1.25614,9.63836
45,Yobzeri,1970-01-01T04:54:08Z,,,,,8.875527,,GH(N),Ghana,GH-NP,22,Tolon,-1.082578,9.561987
79,Langantre,1970-01-01T04:55:04Z,,,,,4.343343,,GH(N),Ghana,GH-NP,23,West Gonja,-1.54346,9.22422
4675,Duu,1970-01-01T04:57:34Z,,,,,10.575096,,GH(N),Ghana,GH-NP,24,West Mamprusi,-0.816407,10.302088
2814,Bogni,1970-01-01T04:55:11Z,,,,,3.399138,,GH(N),Ghana,GH-NP,25,Yendi Municipal,0.151893,9.337173
876,Gmagmantido,1970-01-01T04:54:41Z,,,,,9.44205,,GH(N),Ghana,GH-NP,25,Yendi Municipal,0.138877,9.39336
2248,Gyani,1970-01-01T05:02:14Z,,,,,3.77682,,GH(N),Ghana,GH-NP,25,Yendi Municipal,0.195553,9.357238
388,Jagando,1970-01-01T04:54:05Z,,,,,4.154502,,GH(N),Ghana,GH-NP,25,Yendi Municipal,-0.097558,9.477777
1511,Kanuldo,1970-01-01T05:02:32Z,,,,,20.017146,,GH(N),Ghana,GH-NP,25,Yendi Municipal,-0.119187,9.466857
169,Kasalni,1970-01-01T05:02:16Z,,,,,47.965614,,GH(N),Ghana,GH-NP,25,Yendi Municipal,-0.052558,9.314417
1451,Krachido No1,1970-01-01T04:57:28Z,,,,,36.068631,,GH(N),Ghana,GH-NP,25,Yendi Municipal,-0.060178,9.581609
1806,Kulkpeni,1970-01-01T04:55:38Z,,,,,1.510728,,GH(N),Ghana,GH-NP,25,Yendi Municipal,-0.060537,9.432318
2824,Kushebihi,1970-01-01T04:55:05Z,,,,,14.351916,,GH(N),Ghana,GH-NP,25,Yendi Municipal,0.139295,9.248708
403,Montondo,1970-01-01T04:54:35Z,,,,,8.497845,,GH(N),Ghana,GH-NP,25,Yendi Municipal,-0.061345,9.381868
297,Nebong,1970-01-01T05:02:17Z,,,,,11.708142,,GH(N),Ghana,GH-NP,25,Yendi Municipal,0.014408,9.380217
1186,Niyedo,1970-01-01T05:03:08Z,,,,,65.527827,,GH(N),Ghana,GH-NP,25,Yendi Municipal,-0.054768,9.3764
1259,Oseido,1970-01-01T05:02:14Z,,,,,17.939895,,GH(N),Ghana,GH-NP,25,Yendi Municipal,-0.10751,9.632946
2483,Paasiya,1970-01-01T04:54:27Z,,,,,11.519301,,GH(N),Ghana,GH-NP,25,Yendi Municipal,-0.04732,9.467302
361,Yeni Zugu,1970-01-01T05:02:16Z,,,,,6.420594,,GH(N),Ghana,GH-NP,25,Yendi Municipal,0.00606,9.34194
2187,Zugu,1970-01-01T04:55:59Z,,,,,13.030029,,GH(N),Ghana,GH-NP,25,Yendi Municipal,-0.937625,9.57754
3011,Binyinkumdo,1970-01-01T04:55:52Z,,,,,10.952778,,GH(N),Ghana,GH-NP,26,Zabzugu,-0.32599,9.10171
4072,Kandin,1970-01-01T04:55:37Z,,,,,3.021456,,GH(N),Ghana,GH-NP,26,Zabzugu,-0.46186,9.19934
2544,Kukuokpang #1,1970-01-01T04:55:08Z,,,,,7.931322,,GH(N),Ghana,GH-NP,26,Zabzugu,0.327445,9.045747
3460,Kukuokpang #2,1970-01-01T04:55:01Z,,,,,14.540757,,GH(N),Ghana,GH-NP,26,Zabzugu,0.328392,9.058147
3496,Langbani,1970-01-01T04:55:08Z,,,,,4.909866,,GH(N),Ghana,GH-NP,26,Zabzugu,0.31608,9.3335
1520,Mantili,1970-01-01T04:55:53Z,,,,,55.896936,,GH(N),Ghana,GH-NP,26,Zabzugu,0.29468,9.285092
3348,Menpesam-Zabzugu,1970-01-01T04:55:11Z,,,,,152.017005,,GH(N),Ghana,GH-NP,26,Zabzugu,0.27304,8.78738
3566,Monpani,1970-01-01T04:55:09Z,,,,,3.210297,,GH(N),Ghana,GH-NP,26,Zabzugu,0.42605,9.22059
2545,Nakpali,1970-01-01T04:55:25Z,,,,,23.416284,,GH(N),Ghana,GH-NP,26,Zabzugu,0.255115,9.291682
3559,Sakpalingbaani,1970-01-01T04:55:50Z,,,,,0.944205,,GH(N),Ghana,GH-NP,26,Zabzugu,-0.33546,9.24254
3825,Wagado,1970-01-01T04:55:25Z,,,,,8.120163,,GH(N),Ghana,GH-NP,26,Zabzugu,0.26628,9.25398
1309,Azuwerah,1970-01-01T04:54:43Z,,,,,9.630891,,GH(N),Ghana,GH-UE,28,Bawku West,-0.492375,10.790643
1457,Gbere,1970-01-01T04:53:51Z,,,,,7.364799,,GH(N),Ghana,GH-UE,28,Bawku West,-0.526567,10.862685
881,Kamega,1970-01-01T04:54:11Z,,,,,18.8841,,GH(N),Ghana,GH-UE,28,Bawku West,-0.511188,10.855158
3186,Naamorg,1970-01-01T04:53:47Z,,,,,13.21887,,GH(N),Ghana,GH-UE,28,Bawku West,-0.495273,10.739371
1378,Adakurum,1970-01-01T04:57:37Z,,,,,2.454933,,GH(N),Ghana,GH-UE,31,Bongo,-0.765662,10.907793
1321,Amikiyabisi,1970-01-01T04:54:19Z,,,,,6.231753,,GH(N),Ghana,GH-UE,31,Bongo,-0.889405,10.8632
1317,Apa-doone,1970-01-01T04:55:44Z,,,,,22.283238,,GH(N),Ghana,GH-UE,31,Bongo,-0.886632,10.844263
1413,Apatanga,1970-01-01T04:54:40Z,,,,,2.454933,,GH(N),Ghana,GH-UE,31,Bongo,-0.754875,10.922675
1707,Asibiga,1970-01-01T04:54:33Z,,,,,4.532184,,GH(N),Ghana,GH-UE,31,Bongo,-0.743715,10.914375
1625,Atampintin,1970-01-01T04:46:47Z,,,,,238.883865,,GH(N),Ghana,GH-UE,31,Bongo,-0.773967,10.91817
653,Atonobugro,1970-01-01T04:54:51Z,,,,,181.665042,,GH(N),Ghana,GH-UE,31,Bongo,-0.726356,10.883143
1797,Nyariga -Nayire,1970-01-01T04:55:44Z,,,,,1.510728,,GH(N),Ghana,GH-UE,31,Bongo,-0.890107,10.852832
1845,Saabo,1970-01-01T04:54:43Z,,,,,44.944158,,GH(N),Ghana,GH-UE,31,Bongo,-0.815252,10.87779
235,Yidongo,1970-01-01T04:55:31Z,,,,,124.9183215,,GH(N),Ghana,GH-UE,31,Bongo,-0.773662,10.96626
3731,Dusbusliga,1970-01-01T04:55:46Z,,,,,80.257425,,GH(N),Ghana,GH-UE,34,Garu-Tempane,-0.244405,10.75041
473,Geliginvuus,1970-01-01T04:56:12Z,,,,,21.716715,,GH(N),Ghana,GH-UE,34,Garu-Tempane,-0.197148,10.791023
2480,Agandaa,1970-01-01T04:54:56Z,,,,,7.175958,,GH(N),Ghana,GH-UE,36,Kassena Nankana West,-0.9736,10.8757
6,Akanperika,1970-01-01T05:01:18Z,,,,,218.677878,,GH(N),Ghana,GH-UE,36,Kassena Nankana West,-0.9525,10.9134
2857,Azinzoka,1970-01-01T04:55:07Z,,,,,6.231753,,GH(N),Ghana,GH-UE,36,Kassena Nankana West,-0.983952,10.895121
3106,Basengo,1970-01-01T04:55:14Z,,,,,25.115853,,GH(N),Ghana,GH-UE,36,Kassena Nankana West,-0.9375,10.9676
898,Bembisi,1970-01-01T04:54:56Z,,,,,222.077016,,GH(N),Ghana,GH-UE,36,Kassena Nankana West,-0.9456,10.9221
323,Kassaligo,1970-01-01T04:54:50Z,,,,,17.184531,,GH(N),Ghana,GH-UE,36,Kassena Nankana West,-0.9964,10.9091
486,Kazugu,1970-01-01T04:55:16Z,,,,,30.21456,,GH(N),Ghana,GH-UE,36,Kassena Nankana West,-1.0416,10.9577
365,Kurugu,1970-01-01T04:54:48Z,,,,,21.339033,,GH(N),Ghana,GH-UE,36,Kassena Nankana West,-0.9454,10.8867
1800,Nabio,1970-01-01T04:55:17Z,,,,,66.283191,,GH(N),Ghana,GH-UE,36,Kassena Nankana West,-1.1348,10.921
570,Sakaa,1970-01-01T04:55:05Z,,,,,10.008573,,GH(N),Ghana,GH-UE,36,Kassena Nankana West,-1.07647,10.98833
3565,Laabiisi,1970-01-01T04:55:11Z,,,,,19.261782,,GH(N),Ghana,GH-UE,39,Talensi,-0.860811,10.759514
2207,Sigri-Tangzu,1970-01-01T04:57:28Z,,,,,18.695259,,GH(N),Ghana,GH-UW,41,Jirapa,-2.622165,10.6475
1424,Boo,1970-01-01T04:54:01Z,,,,,52.120116,,GH(N),Ghana,GH-UW,43,Lawra,-2.722505,10.65079
348,Buree,1970-01-01T04:54:11Z,,,,,113.115759,,GH(N),Ghana,GH-UW,43,Lawra,-2.789835,10.69083
673,Kumasaal,1970-01-01T04:55:16Z,,,,,47.965614,,GH(N),Ghana,GH-UW,43,Lawra,-2.85455,10.53731
944,Kandomwine,1970-01-01T04:52:57Z,,,,,47.021409,,GH(N),Ghana,GH-UW,44,Nadowli,-2.636253,10.3614
456,Vuuyiri,1970-01-01T04:54:13Z,,,,,9.064368,,GH(N),Ghana,GH-UW,44,Nadowli,-2.800932,10.364888
1720,Baseble,1970-01-01T04:53:38Z,,,,,28.514991,,GH(N),Ghana,GH-UW,45,Nandom,-2.81185,10.79335
2203,Basebli,1970-01-01T04:55:27Z,,,,,21.905556,,GH(N),Ghana,GH-UW,45,Nandom,-2.812198,10.7931
97,Betaglu,1970-01-01T04:57:35Z,,,,,34.369062,,GH(N),Ghana,GH-UW,45,Nandom,-2.795073,10.878566
1576,Bu Central,1970-01-01T04:56:39Z,,,,,38.523564,,GH(N),Ghana,GH-UW,45,Nandom,-2.764758,10.913716
358,Danko,1970-01-01T04:54:53Z,,,,,99.708048,,GH(N),Ghana,GH-UW,45,Nandom,-2.781098,10.83151
2199,Guo-Mwaame,1970-01-01T04:58:20Z,,,,,70.060011,,GH(N),Ghana,GH-UW,45,Nandom,-2.731002,10.780473
1905,Ketuo no1,1970-01-01T04:55:06Z,,,,,108.017052,,GH(N),Ghana,GH-UW,45,Nandom,-2.800392,10.90432
785,Piiri,1970-01-01T04:54:42Z,,,,,137.476248,,GH(N),Ghana,GH-UW,45,Nandom,-2.801273,10.80197
672,Tantuo,1970-01-01T04:55:08Z,,,,,4.343343,,GH(N),Ghana,GH-UW,45,Nandom,-2.75119,10.843876
119,Yipele,1970-01-01T04:54:47Z,,,,,93.665136,,GH(N),Ghana,GH-UW,45,Nandom,-2.80538,10.77647
1663,Kuntulo,1970-01-01T04:56:12Z,,,,,7.55364,,GH(N),Ghana,GH-UW,47,Sissala West,-2.29522,10.804548
3433,Gudaayiri,1970-01-01T04:55:27Z,,,,,7.55364,,GH(N),Ghana,GH-UW,48,Wa East,-2.3644,10.1167
400,Kulkpong,1970-01-01T04:54:10Z,,,,,9.44205,,GH(N),Ghana,GH-UW,48,Wa East,-2.24779,9.858212
2361,Charingu,1970-01-01T04:55:45Z,,,,,3.77682,,GH(N),Ghana,GH-UW,49,Wa Municipal,-2.369783,10.101033
2069,Piisie,1970-01-01T04:55:32Z,,,,,58.351869,,GH(N),Ghana,GH-UW,50,Wa West,-2.6481,9.9641
4456,Siiriyiri,1970-01-01T04:54:11Z,,,,,12.841188,,GH(N),Ghana,GH-UW,50,Wa West,-2.5908,10.04384
1437,Mankranso,1970-01-01T05:00:25Z,,,,,121.802445,,GH(S),Ghana,GH-AH,4559,Ahafo Ano South,-1.86209,6.8163
4047,Abrewano,1970-01-01T04:57:24Z,,,,,23.605125,,GH(S),Ghana,GH-AH,3936,Ejura-Sekyedumase,-1.344966,7.407897
1211,Afalidu 1,1970-01-01T04:55:47Z,,,,,22.66092,,GH(S),Ghana,GH-AH,3936,Ejura-Sekyedumase,-1.344966,7.407897
4319,Afalidu 2,1970-01-01T04:56:26Z,,,,,49.09866,,GH(S),Ghana,GH-AH,3936,Ejura-Sekyedumase,-1.203703,7.302446
4487,Aframso-Zongo,1970-01-01T04:56:19Z,,,,,22.66092,,GH(S),Ghana,GH-AH,3936,Ejura-Sekyedumase,-1.390963,7.313283
4610,Anyinasu,1970-01-01T04:57:15Z,,,,,7.55364,,GH(S),Ghana,GH-AH,3936,Ejura-Sekyedumase,-1.577963,7.235754
4197,Appiahdwo,1970-01-01T04:56:28Z,,,,,13.21887,,GH(S),Ghana,GH-AH,3936,Ejura-Sekyedumase,-1.345265,7.38054
925,Ashakoko,1970-01-01T04:55:43Z,,,,,22.66092,,GH(S),Ghana,GH-AH,3936,Ejura-Sekyedumase,-1.343714,7.395956
4714,Atonsuagya-Asanteline,1970-01-01T05:00:10Z,,,,,443.77635,,GH(S),Ghana,GH-AH,3936,Ejura-Sekyedumase,-1.421852,7.257616
4266,Atonsuagya-Grumaline,1970-01-01T04:59:58Z,,,,,143.51916,,GH(S),Ghana,GH-AH,3936,Ejura-Sekyedumase,-1.42236,7.258845
4276,Atonsuagya-Zongo No1,1970-01-01T05:01:05Z,,,,,409.78497,,GH(S),Ghana,GH-AH,3936,Ejura-Sekyedumase,-1.422516,7.256542
710,Atonsuagya-Zongo No2,1970-01-01T05:00:16Z,,,,,45.32184,,GH(S),Ghana,GH-AH,3936,Ejura-Sekyedumase,-1.422516,7.256542
4115,Babaso,1970-01-01T04:56:55Z,,,,,534.986553,,GH(S),Ghana,GH-AH,3936,Ejura-Sekyedumase,-1.345267,7.380431
4019,Bemi,1970-01-01T04:56:49Z,,,,,181.28736,,GH(S),Ghana,GH-AH,3936,Ejura-Sekyedumase,-1.579808,7.197691
3827,Bisiw No 2,1970-01-01T05:02:53Z,,,,,260.60058,,GH(S),Ghana,GH-AH,3936,Ejura-Sekyedumase,-1.337937,7.379363
3093,Dome,1970-01-01T04:56:39Z,,,,,37.7682,,GH(S),Ghana,GH-AH,3936,Ejura-Sekyedumase,-1.395845,7.295515
4634,Drobong,1970-01-01T05:02:45Z,,,,,149.18439,,GH(S),Ghana,GH-AH,3936,Ejura-Sekyedumase,-1.55808,7.36929
4305,Drobong-Asanteline,1970-01-01T04:57:36Z,,,,,46.266045,,GH(S),Ghana,GH-AH,3936,Ejura-Sekyedumase,-1.574303,7.312281
4425,Drobong-Braimakrom,1970-01-01T04:57:36Z,,,,,360.68631,,GH(S),Ghana,GH-AH,3936,Ejura-Sekyedumase,-1.368779,7.373042
4063,Drobong-Zongo,1970-01-01T04:56:31Z,,,,,144.463365,,GH(S),Ghana,GH-AH,3936,Ejura-Sekyedumase,-1.574303,7.310281
4580,Dwaaho,1970-01-01T04:57:34Z,,,,,106.695165,,GH(S),Ghana,GH-AH,3936,Ejura-Sekyedumase,-1.564306,7.307284
4419,Ejurafie A,1970-01-01T04:56:27Z,,,,,111.41619,,GH(S),Ghana,GH-AH,3936,Ejura-Sekyedumase,-1.30712,7.37244
4658,Famehyebabi,1970-01-01T05:00:15Z,,,,,115.19301,,GH(S),Ghana,GH-AH,3936,Ejura-Sekyedumase,-1.344966,7.407897
3465,Frante,1970-01-01T04:57:34Z,,,,,156.73803,,GH(S),Ghana,GH-AH,3936,Ejura-Sekyedumase,-1.574431,7.310519
4459,Frante-Besease,1970-01-01T04:56:35Z,,,,,96.30891,,GH(S),Ghana,GH-AH,3936,Ejura-Sekyedumase,-1.514087,7.33959
4437,Frante-Gyeduase,1970-01-01T04:56:33Z,,,,,79.31322,,GH(S),Ghana,GH-AH,3936,Ejura-Sekyedumase,-1.514087,7.33959
4438,Frante-Zongo,1970-01-01T04:57:36Z,,,,,8.497845,,GH(S),Ghana,GH-AH,3936,Ejura-Sekyedumase,-1.514087,7.33959
1312,Kantakani,1970-01-01T05:01:14Z,,,,,168.635013,,GH(S),Ghana,GH-AH,3936,Ejura-Sekyedumase,-1.203703,7.302446
3931,Kramokrom,1970-01-01T04:56:12Z,,,,,11.33046,,GH(S),Ghana,GH-AH,3936,Ejura-Sekyedumase,-1.345267,7.380541
4359,Kwadwokora,1970-01-01T04:56:34Z,,,,,52.87548,,GH(S),Ghana,GH-AH,3936,Ejura-Sekyedumase,-1.399442,7.26567
4501,Kwaseakani,1970-01-01T05:02:51Z,,,,,151.450482,,GH(S),Ghana,GH-AH,3936,Ejura-Sekyedumase,-1.480262,7.318032
4653,Kyenkyenkura,1970-01-01T04:56:19Z,,,,,60.42912,,GH(S),Ghana,GH-AH,3936,Ejura-Sekyedumase,-1.344966,7.407897
2943,Kyeradeso A,1970-01-01T05:02:49Z,,,,,23.982807,,GH(S),Ghana,GH-AH,3936,Ejura-Sekyedumase,-1.61981,7.36296
1681,Mbaana,1970-01-01T04:57:22Z,,,,,140.686545,,GH(S),Ghana,GH-AH,3936,Ejura-Sekyedumase,-1.203703,7.302446
4482,Moshiekora,1970-01-01T04:56:41Z,,,,,22.66092,,GH(S),Ghana,GH-AH,3936,Ejura-Sekyedumase,-1.350089,7.382214
4583,Mpeso,1970-01-01T04:57:15Z,,,,,43.43343,,GH(S),Ghana,GH-AH,3936,Ejura-Sekyedumase,-1.477868,7.253656
4093,Nokoreasa,1970-01-01T04:56:27Z,,,,,37.7682,,GH(S),Ghana,GH-AH,3936,Ejura-Sekyedumase,-1.345267,7.380454
3714,Teacherkrom,1970-01-01T04:57:24Z,,,,,67.605078,,GH(S),Ghana,GH-AH,3936,Ejura-Sekyedumase,-1.392907,7.315597
3153,Abotanso,1970-01-01T04:57:36Z,,,,,25.682376,,GH(S),Ghana,GH-BA,2789,Atebubu-Amantin,-1.29891,6.89649
4085,Abour,1970-01-01T05:02:38Z,,,,,154.84962,,GH(S),Ghana,GH-BA,2789,Atebubu-Amantin,-1.12046,7.608695
4451,Adds Kuro,1970-01-01T04:56:33Z,,,,,7.55364,,GH(S),Ghana,GH-BA,2789,Atebubu-Amantin,-1.269978,7.776701
3040,Afrefreso,1970-01-01T04:56:07Z,,,,,18.317577,,GH(S),Ghana,GH-BA,2789,Atebubu-Amantin,-0.91847,7.78173
4375,Agyei Bula,1970-01-01T05:03:46Z,,,,,87.055701,,GH(S),Ghana,GH-BA,2789,Atebubu-Amantin,-0.83732,7.67757
3760,Ahoto,1970-01-01T05:03:46Z,,,,,20.77251,,GH(S),Ghana,GH-BA,2789,Atebubu-Amantin,-0.973297,7.778505
3476,Aworoso,1970-01-01T05:03:46Z,,,,,5.287548,,GH(S),Ghana,GH-BA,2789,Atebubu-Amantin,-0.97765,7.704348
4280,Bachaso,1970-01-01T04:56:39Z,,,,,7.55364,,GH(S),Ghana,GH-BA,2789,Atebubu-Amantin,-0.972256,7.911739
3534,Beposo Camp,1970-01-01T04:57:14Z,,,,,14.163075,,GH(S),Ghana,GH-BA,2789,Atebubu-Amantin,-0.942245,7.89051
319,Boanyo,1970-01-01T04:57:37Z,,,,,5.66523,,GH(S),Ghana,GH-BA,2789,Atebubu-Amantin,-0.8365,7.662706
3820,Boniafo,1970-01-01T04:57:07Z,,,,,3.77682,,GH(S),Ghana,GH-BA,2789,Atebubu-Amantin,-0.93632,7.7323
4486,Bumpano,1970-01-01T04:56:40Z,,,,,33.99138,,GH(S),Ghana,GH-BA,2789,Atebubu-Amantin,-1.269978,7.77113
4232,Bye Bye,1970-01-01T04:56:54Z,,,,,100.841094,,GH(S),Ghana,GH-BA,2789,Atebubu-Amantin,-0.84392,7.69944
4387,Duabone No.2,1970-01-01T04:57:08Z,,,,,19.828305,,GH(S),Ghana,GH-BA,2789,Atebubu-Amantin,-1.0469,7.75284
2014,Kokofu,1970-01-01T04:56:47Z,,,,,5.66523,,GH(S),Ghana,GH-BA,2789,Atebubu-Amantin,-0.88091,7.71905
4404,Kumfia Newtown,1970-01-01T04:57:09Z,,,,,35.87979,,GH(S),Ghana,GH-BA,2789,Atebubu-Amantin,-1.23179,7.78281
3879,Kwabena Asante,1970-01-01T05:02:33Z,,,,,15.10728,,GH(S),Ghana,GH-BA,2789,Atebubu-Amantin,-1.125092,7.714418
4291,Kwabena Asante akura,1970-01-01T05:03:28Z,,,,,109.52778,,GH(S),Ghana,GH-BA,2789,Atebubu-Amantin,-1.125092,7.712442
4253,Lowcost-Atebubu,1970-01-01T04:56:53Z,,,,,7.55364,,GH(S),Ghana,GH-BA,2789,Atebubu-Amantin,-0.98688,7.744543
4638,Mempeasem-Nyomoase,1970-01-01T04:57:15Z,,,,,30.21456,,GH(S),Ghana,GH-BA,2789,Atebubu-Amantin,-1.17426,7.57155
3750,Nyansibu No 1,1970-01-01T05:03:46Z,,,,,10.386255,,GH(S),Ghana,GH-BA,2789,Atebubu-Amantin,-0.930775,7.906836
4271,Patuda,1970-01-01T04:56:55Z,,,,,49.09866,,GH(S),Ghana,GH-BA,2789,Atebubu-Amantin,-1.038388,7.659705
3766,Praprabon No1,1970-01-01T04:57:34Z,,,,,35.87979,,GH(S),Ghana,GH-BA,2789,Atebubu-Amantin,-0.955515,7.853815
4213,Pruso no2,1970-01-01T04:57:30Z,,,,,69.87117,,GH(S),Ghana,GH-BA,2789,Atebubu-Amantin,-1.06928,7.6495
3058,Yaw Tufour,1970-01-01T04:57:06Z,,,,,3.77682,,GH(S),Ghana,GH-BA,2789,Atebubu-Amantin,-1.10246,7.74853
3815,Abua #1,1970-01-01T04:57:29Z,,,,,49.09866,,GH(S),Ghana,GH-BA,2801,Pru,-0.893975,7.97461
3970,Ankrakuka,1970-01-01T05:02:44Z,,,,,18.8841,,GH(S),Ghana,GH-BA,2801,Pru,-0.854457,7.964158
4510,Does Korom No2,1970-01-01T04:57:06Z,,,,,5.66523,,GH(S),Ghana,GH-BA,2801,Pru,-0.854457,7.964158
3797,Labun Quarters,1970-01-01T05:03:12Z,,,,,27.948468,,GH(S),Ghana,GH-BA,2801,Pru,-0.856234,8.047555
2141,Wajaka,1970-01-01T05:03:21Z,,,,,36.635154,,GH(S),Ghana,GH-BA,2801,Pru,-0.897945,7.976304
4399,Asuosu Nzongo,1970-01-01T05:03:45Z,,,,,57.218823,,GH(S),Ghana,GH-BA,2802,Sene East,-0.29916,7.7355
3171,Atrepa,1970-01-01T04:54:38Z,,,,,40.411974,,GH(S),Ghana,GH-BA,2802,Sene East,-0.230182,7.78423
3176,Blaba,1970-01-01T05:02:56Z,,,,,302.1456,,GH(S),Ghana,GH-BA,2802,Sene East,-0.282448,7.680653
2998,Bodinka,1970-01-01T04:57:20Z,,,,,148.995549,,GH(S),Ghana,GH-BA,2802,Sene East,-0.404713,7.789875
3710,Bungaya,1970-01-01T04:56:06Z,,,,,83.278881,,GH(S),Ghana,GH-BA,2802,Sene East,-0.275718,7.752701
3218,CFAO Quarters,1970-01-01T04:57:21Z,,,,,34.935585,,GH(S),Ghana,GH-BA,2802,Sene East,-0.387211,7.665886
3166,Dundukrom,1970-01-01T04:57:36Z,,,,,86.489178,,GH(S),Ghana,GH-BA,2802,Sene East,-0.41215,7.777251
3307,Gyala,1970-01-01T04:55:15Z,,,,,79.124379,,GH(S),Ghana,GH-BA,2802,Sene East,-0.14577,7.967899
4312,Kajeji kaboanya,1970-01-01T04:57:30Z,,,,,63.072894,,GH(S),Ghana,GH-BA,2802,Sene East,-0.229003,7.785795
3116,Kwame Duro,1970-01-01T04:54:25Z,,,,,12.274665,,GH(S),Ghana,GH-BA,2802,Sene East,-0.457166,7.786085
3364,Lala,1970-01-01T04:54:50Z,,,,,21.150192,,GH(S),Ghana,GH-BA,2802,Sene East,-0.055472,7.791023
4227,Madi,1970-01-01T04:56:17Z,,,,,4.721025,,GH(S),Ghana,GH-BA,2802,Sene East,-0.42582,7.79905
4400,Madi Akura,1970-01-01T04:56:25Z,,,,,7.55364,,GH(S),Ghana,GH-BA,2802,Sene East,-0.42483,7.80522
3712,Maworkpor,1970-01-01T04:56:26Z,,,,,24.171648,,GH(S),Ghana,GH-BA,2802,Sene East,-0.159861,7.702393
4587,Naworagyre,1970-01-01T04:56:45Z,,,,,3.77682,,GH(S),Ghana,GH-BA,2802,Sene East,-0.231128,7.784175
3330,Nengo,1970-01-01T04:54:38Z,,,,,35.690949,,GH(S),Ghana,GH-BA,2802,Sene East,-0.394665,7.789828
3920,Nketiakrom,1970-01-01T04:59:20Z,,,,,36.446313,,GH(S),Ghana,GH-BA,2802,Sene East,-0.245073,7.794272
4455,Nkonme,1970-01-01T04:57:30Z,,,,,27.759627,,GH(S),Ghana,GH-BA,2802,Sene East,-0.224566,7.784618
3100,Nyakontre,1970-01-01T04:55:31Z,,,,,48.154455,,GH(S),Ghana,GH-BA,2802,Sene East,-0.3956,7.789819
3974,Prang,1970-01-01T04:57:27Z,,,,,12.274665,,GH(S),Ghana,GH-BA,2802,Sene East,-0.78091,7.98489
3128,Premuase,1970-01-01T04:54:29Z,,,,,56.085777,,GH(S),Ghana,GH-BA,2802,Sene East,-0.313604,7.79481
3202,Tabus,1970-01-01T04:54:34Z,,,,,62.31753,,GH(S),Ghana,GH-BA,2802,Sene East,-0.400755,7.680669
3071,Tsalikope,1970-01-01T04:54:44Z,,,,,24.54933,,GH(S),Ghana,GH-BA,2802,Sene East,-0.174766,8.008841
3747,Asikafoammantem-Lemu,1970-01-01T04:57:34Z,,,,,16.99569,,GH(S),Ghana,GH-BA,2803,Sene West,-0.617024,7.75823
3754,Bantama,1970-01-01T04:56:59Z,,,,,52.87548,,GH(S),Ghana,GH-BA,2803,Sene West,-0.75372,7.71032
3752,Banyarko,1970-01-01T04:57:35Z,,,,,105.75096,,GH(S),Ghana,GH-BA,2803,Sene West,-0.6645,7.7333
3864,Banyarko kurotia,1970-01-01T04:57:35Z,,,,,41.54502,,GH(S),Ghana,GH-BA,2803,Sene West,-0.6321,7.7135
3742,Batanma,1970-01-01T04:56:55Z,,,,,3.77682,,GH(S),Ghana,GH-BA,2803,Sene West,-0.7537,7.71032
3793,Binandom,1970-01-01T04:57:17Z,,,,,33.047175,,GH(S),Ghana,GH-BA,2803,Sene West,-0.467348,7.685195
3853,Bunji,1970-01-01T04:57:06Z,,,,,25.682376,,GH(S),Ghana,GH-BA,2803,Sene West,-0.474577,7.68514
4236,Chrechre no. 2,1970-01-01T05:00:53Z,,,,,31.158765,,GH(S),Ghana,GH-BA,2803,Sene West,-0.53003,7.63742
3782,Dada,1970-01-01T04:55:52Z,,,,,11.33046,,GH(S),Ghana,GH-BA,2803,Sene West,-0.6686,7.7297
4540,Dwakroum Akrofo,1970-01-01T04:57:28Z,,,,,7.55364,,GH(S),Ghana,GH-BA,2803,Sene West,-0.6258,7.7026
4257,Dwan line kofi Djan,1970-01-01T05:03:03Z,,,,,43.43343,,GH(S),Ghana,GH-BA,2803,Sene West,-0.6768,7.7273
3027,Dwankrom,1970-01-01T04:57:08Z,,,,,11.33046,,GH(S),Ghana,GH-BA,2803,Sene West,-0.666,7.7026
3482,Gyasepo,1970-01-01T04:57:36Z,,,,,3.77682,,GH(S),Ghana,GH-BA,2803,Sene West,-0.679,7.7452
4055,Kabele Drobe,1970-01-01T04:57:22Z,,,,,15.10728,,GH(S),Ghana,GH-BA,2803,Sene West,-0.59195,7.76822
3532,Kanto,1970-01-01T04:57:08Z,,,,,3.77682,,GH(S),Ghana,GH-BA,2803,Sene West,-0.645728,7.745643
3837,Kochak line kofi djan,1970-01-01T04:56:52Z,,,,,7.55364,,GH(S),Ghana,GH-BA,2803,Sene West,-0.67686,7.727389
3780,Kofi Djan,1970-01-01T04:57:15Z,,,,,52.87548,,GH(S),Ghana,GH-BA,2803,Sene West,-0.67686,7.727389
3508,Kofi Djan Zongo,1970-01-01T04:57:29Z,,,,,41.54502,,GH(S),Ghana,GH-BA,2803,Sene West,-0.67686,7.727389
4222,Komkombaline banyarko,1970-01-01T04:57:24Z,,,,,3.77682,,GH(S),Ghana,GH-BA,2803,Sene West,-0.6633,7.7354
4153,Kwame Danso B-Line,1970-01-01T04:57:30Z,,,,,18.8841,,GH(S),Ghana,GH-BA,2803,Sene West,-0.679511,7.72863
2894,Kwame Danso Banyarko,1970-01-01T04:57:13Z,,,,,22.66092,,GH(S),Ghana,GH-BA,2803,Sene West,-0.66458,7.733341
4546,Kwame Danso konkombaline,1970-01-01T04:57:07Z,,,,,3.77682,,GH(S),Ghana,GH-BA,2803,Sene West,-0.6633,7.7354
4043,Kyeamekrom Konkomba Line No2,1970-01-01T04:57:22Z,,,,,35.87979,,GH(S),Ghana,GH-BA,2803,Sene West,-0.479608,7.77955
3835,Kyeamekrom Odumase,1970-01-01T04:56:28Z,,,,,30.592242,,GH(S),Ghana,GH-BA,2803,Sene West,-0.4796,7.77954
3066,Lassi,1970-01-01T04:57:15Z,,,,,11.33046,,GH(S),Ghana,GH-BA,2803,Sene West,-0.668,7.6743
4088,Lassikurom,1970-01-01T04:57:06Z,,,,,3.77682,,GH(S),Ghana,GH-BA,2803,Sene West,-0.666,7.7034
4277,Lemu Kasamante,1970-01-01T04:57:34Z,,,,,24.54933,,GH(S),Ghana,GH-BA,2803,Sene West,-0.6148,7.7626
4036,Lemu Ntrubuso,1970-01-01T04:57:16Z,,,,,11.33046,,GH(S),Ghana,GH-BA,2803,Sene West,-0.6147,7.7626
3981,Mframa,1970-01-01T04:57:16Z,,,,,7.55364,,GH(S),Ghana,GH-BA,2803,Sene West,-0.71532,7.64832
3966,Mframa Kurotia,1970-01-01T04:57:16Z,,,,,3.77682,,GH(S),Ghana,GH-BA,2803,Sene West,-0.71532,7.64832
4189,Ohiakura,1970-01-01T04:57:37Z,,,,,15.10728,,GH(S),Ghana,GH-BA,2803,Sene West,-0.6797,7.7357
4163,Shafa new site,1970-01-01T04:57:10Z,,,,,3.77682,,GH(S),Ghana,GH-BA,2803,Sene West,-0.71454,7.7289
4147,Upper Drobe,1970-01-01T04:57:13Z,,,,,20.77251,,GH(S),Ghana,GH-BA,2803,Sene West,-0.59195,7.76822
3044,Upper Kyeamekrom,1970-01-01T04:57:23Z,,,,,45.32184,,GH(S),Ghana,GH-BA,2803,Sene West,-0.479608,7.77955
3790,Wiase New Town,1970-01-01T04:57:15Z,,,,,3.77682,,GH(S),Ghana,GH-BA,2803,Sene West,-0.6954,7.7308
1723,MARICOZ,2019-12-19T11:16:33.726414Z,,,,,1510.728,,GH(S),Ghana,GH-BA,2811,Wenchi,-2.041757,8.029634
4431,Lolobi - Ashiambi,1970-01-01T04:59:36Z,,,,,12.841188,,GH(S),Ghana,GH-TV,4023,Hohoe,0.518739,7.199619
2209,Banda,1970-01-01T05:02:23Z,,,,,18.8841,,GH(S),Ghana,GH-TV,4031,Krachi Nchumuru,-0.09244,8.29666
